{
  "mean_gen_path_variance": 0.00032951447064988315,
  "mean_real_target_variance": 17038.470703125,
  "variance_ratio": 1.8893622836912982e-05,
  "fraction_low_variance": 1.0,
  "mean_path_correlation": 0.0067406167471514514,
  "fraction_near_zero_paths": 0.0,
  "mean_volatility_lag1_autocorr": 0.10212546638099897,
  "mean_gen_volatility": 0.014838452450931072,
  "mean_autocorr_lag1": -0.08545110679956468,
  "mean_autocorr_lag2": -0.05935914197584628,
  "mean_autocorr_lag5": -0.04156336359417289,
  "mean_gen_smoothness": 0.036463942378759384,
  "mean_target_smoothness": 73.69126892089844,
  "mean_pairwise_distance": 0.11381487667560578,
  "std_pairwise_distance": 0.0016201619533741016,
  "mean_best_path_mse": 17845.755859375,
  "generator_success_at_1pct": 0.0,
  "generator_success_at_5pct": 0.0,
  "gen_endpoint_mean": -0.008578797802329063,
  "gen_endpoint_std": 0.018168264999985695,
  "real_endpoint_mean": -5.071379661560059,
  "real_endpoint_std": 43.07485580444336
}