{
  "real_return_mean": 6.303028106689453,
  "real_return_std": 133.44403076171875,
  "real_return_p01": -45.97734069824219,
  "real_return_p99": 13.202528953552246,
  "gen_return_mean": -0.003122613998129964,
  "gen_return_std": 1.8490070104599,
  "gen_return_p01": -4.35031270980835,
  "gen_return_p99": 4.333800792694092,
  "ks_statistic": 0.10923046874999998,
  "ks_pvalue": 4.526592903806744e-21,
  "mean_cross_path_variance": 3.3911798000335693,
  "total_gen_variance": 3.4188268184661865,
  "total_real_variance": 17807.30859375,
  "variance_ratio": 0.0001919900969369337,
  "gen_second_diff_mean": 3.6544971466064453,
  "real_second_diff_mean": 73.69126892089844,
  "gen_autocorr_lag1": -0.07012345411356499,
  "gen_autocorr_lag2": -0.051365568569867646,
  "real_autocorr_lag1": -0.2204861146997229,
  "real_autocorr_lag2": 0.08873774346651782,
  "gen_vol_clustering_lag1": 0.1379410659951718,
  "real_vol_clustering_lag1": 0.41236836859839465,
  "gen_kurtosis": 3.100473165512085,
  "real_kurtosis": 99.85321044921875,
  "mean_best_path_mse": 353963.625,
  "mean_scaled_best_mse": 17.453777313232422
}