{
  "mean_gen_path_variance": 3.3996193408966064,
  "mean_real_target_variance": 17038.470703125,
  "variance_ratio": 0.19530679285526276,
  "fraction_low_variance": 0.0,
  "mean_path_correlation": 0.00030601580435698215,
  "fraction_near_zero_paths": 0.0,
  "mean_volatility_lag1_autocorr": 0.09515906987685308,
  "mean_gen_volatility": 1.4930988550186157,
  "mean_autocorr_lag1": -0.07241393117506872,
  "mean_autocorr_lag2": -0.05450661021447825,
  "mean_autocorr_lag5": -0.045598689875560476,
  "mean_gen_smoothness": 3.6571881771087646,
  "mean_target_smoothness": 73.69126892089844,
  "mean_pairwise_distance": 11.557487564086914,
  "std_pairwise_distance": 0.15721478096191038,
  "mean_best_path_mse": 17692.4765625,
  "generator_success_at_1pct": 0.0,
  "generator_success_at_5pct": 0.0,
  "gen_endpoint_mean": 0.002366621745750308,
  "gen_endpoint_std": 1.879473328590393,
  "real_endpoint_mean": -5.071379661560059,
  "real_endpoint_std": 43.07485580444336
}